timestamp,device,from,to
20:10:34.421,hub-ss,ABSENT,OK
20:11:04.752,hololens-sensors,ABSENT,OK
20:11:05.363,hub-usb2,ABSENT,OK
20:11:05.708,companion,ABSENT,OK
20:11:06.044,audio,ABSENT,OK
20:20:38.548,companion,OK,ABSENT
20:20:39.077,audio,OK,ABSENT
20:20:41.449,companion,ABSENT,OK
20:20:41.828,audio,ABSENT,OK
20:25:48.945,companion,OK,ABSENT
20:25:49.412,audio,OK,ABSENT
20:25:51.372,companion,ABSENT,OK
20:25:51.779,audio,ABSENT,OK
20:26:46.027,audio,OK,ABSENT
20:26:48.464,audio,ABSENT,OK
20:27:06.668,audio,OK,ABSENT
20:27:09.331,audio,ABSENT,OK
20:27:56.084,companion,OK,ABSENT
20:27:56.592,audio,OK,ABSENT
20:27:58.574,companion,ABSENT,OK
20:27:59.004,audio,ABSENT,OK
20:28:07.713,companion,OK,ABSENT
20:28:08.151,audio,OK,ABSENT
20:28:10.203,companion,ABSENT,OK
20:28:10.646,audio,ABSENT,OK
20:30:49.815,companion,OK,ABSENT
20:30:50.185,audio,OK,ABSENT
20:30:52.020,companion,ABSENT,OK
20:30:52.397,audio,ABSENT,OK
20:30:56.494,audio,OK,ABSENT
20:30:58.626,audio,ABSENT,OK
20:31:04.301,companion,OK,ABSENT
20:31:04.724,audio,OK,ABSENT
20:31:06.497,companion,ABSENT,OK
20:31:06.861,audio,ABSENT,OK
20:31:59.195,companion,OK,ABSENT
20:31:59.553,audio,OK,ABSENT
20:32:01.326,companion,ABSENT,OK
20:32:01.727,audio,ABSENT,OK
20:32:11.439,companion,OK,ABSENT
20:32:11.820,audio,OK,ABSENT
20:32:13.554,companion,ABSENT,OK
20:32:13.910,audio,ABSENT,OK
20:32:17.206,hub-usb2,OK,ABSENT
20:32:17.561,companion,OK,ABSENT
20:32:17.899,audio,OK,ABSENT
20:32:19.275,hub-usb2,ABSENT,OK
20:32:19.622,companion,ABSENT,OK
20:32:21.257,hub-usb2,OK,ABSENT
20:32:21.609,companion,OK,ABSENT
20:32:23.394,hub-usb2,ABSENT,OK
20:32:23.748,companion,ABSENT,OK
20:32:24.116,audio,ABSENT,OK
20:32:29.680,companion,OK,ABSENT
20:32:30.042,audio,OK,ABSENT
20:32:31.827,companion,ABSENT,OK
20:32:32.236,audio,ABSENT,OK
20:32:40.157,audio,OK,ABSENT
20:32:42.239,audio,ABSENT,OK
20:32:45.993,companion,OK,ABSENT
20:32:46.347,audio,OK,ABSENT
20:32:48.137,companion,ABSENT,OK
20:32:48.497,audio,ABSENT,OK
20:32:52.444,audio,OK,ABSENT
20:32:54.440,audio,ABSENT,OK
20:33:04.768,audio,OK,ABSENT
20:33:06.931,audio,ABSENT,OK
20:33:15.433,companion,OK,ABSENT
20:33:15.852,audio,OK,ABSENT
20:33:19.975,companion,ABSENT,OK
20:33:20.387,audio,ABSENT,OK
20:33:32.816,companion,OK,ABSENT
20:33:33.297,audio,OK,ABSENT
20:33:35.261,companion,ABSENT,OK
20:33:35.704,audio,ABSENT,OK
20:33:39.710,companion,OK,ABSENT
20:33:40.117,audio,OK,ABSENT
20:33:41.998,companion,ABSENT,OK
20:33:42.419,audio,ABSENT,OK
20:33:50.799,audio,OK,ABSENT
20:33:53.061,audio,ABSENT,OK
20:34:30.504,hub-usb2,OK,ABSENT
20:34:30.863,companion,OK,ABSENT
20:34:31.209,audio,OK,ABSENT
20:34:32.766,hub-usb2,ABSENT,OK
20:34:33.226,companion,ABSENT,OK
20:34:33.743,audio,ABSENT,OK
20:34:49.614,companion,OK,ABSENT
20:34:50.112,audio,OK,ABSENT
20:34:52.233,companion,ABSENT,OK
20:34:52.675,audio,ABSENT,OK
20:35:00.999,hub-usb2,OK,ABSENT
20:35:01.468,companion,OK,ABSENT
20:35:01.955,audio,OK,ABSENT
20:35:04.030,hub-usb2,ABSENT,OK
20:35:04.617,companion,ABSENT,OK
20:35:07.687,companion,OK,ABSENT
20:35:11.261,audio,ABSENT,OK
20:35:13.942,companion,ABSENT,OK
20:35:17.185,audio,OK,ABSENT
20:35:19.981,audio,ABSENT,OK
20:35:22.184,companion,OK,ABSENT
20:35:22.920,audio,OK,ABSENT
20:35:25.051,companion,ABSENT,OK
20:35:25.565,audio,ABSENT,OK
20:35:42.045,audio,OK,ABSENT
20:35:48.651,companion,OK,ABSENT
20:35:51.214,companion,ABSENT,OK
20:35:51.627,audio,ABSENT,OK
20:36:00.705,audio,OK,ABSENT
20:36:03.250,audio,ABSENT,OK
20:36:19.331,companion,OK,ABSENT
20:36:19.785,audio,OK,ABSENT
20:36:21.878,companion,ABSENT,OK
20:36:22.357,audio,ABSENT,OK
20:36:26.617,companion,OK,ABSENT
20:36:27.070,audio,OK,ABSENT
20:36:29.159,companion,ABSENT,OK
20:36:29.617,audio,ABSENT,OK
20:36:43.420,audio,OK,ABSENT
20:36:45.949,audio,ABSENT,OK
20:36:52.647,companion,OK,ABSENT
20:36:53.144,audio,OK,ABSENT
20:36:55.131,companion,ABSENT,OK
20:36:55.547,audio,ABSENT,OK
20:37:04.409,companion,OK,ABSENT
20:37:04.907,audio,OK,ABSENT
20:37:07.039,companion,ABSENT,OK
20:37:10.183,audio,ABSENT,OK
20:37:14.688,companion,OK,ABSENT
20:37:15.162,audio,OK,ABSENT
20:37:17.343,companion,ABSENT,OK
20:37:17.799,audio,ABSENT,OK
20:37:36.886,hub-usb2,OK,ABSENT
20:37:37.315,companion,OK,ABSENT
20:37:37.776,audio,OK,ABSENT
20:37:39.418,hub-usb2,ABSENT,OK
20:37:39.853,companion,ABSENT,OK
20:37:42.811,audio,ABSENT,OK
20:37:49.591,companion,OK,ABSENT
20:37:50.022,audio,OK,ABSENT
20:37:52.133,companion,ABSENT,OK
20:37:52.575,audio,ABSENT,OK
20:38:13.529,hub-usb2,OK,ABSENT
20:38:13.969,companion,OK,ABSENT
20:38:14.415,audio,OK,ABSENT
20:38:16.044,hub-usb2,ABSENT,OK
20:38:16.551,companion,ABSENT,OK
20:38:16.999,audio,ABSENT,OK
20:38:40.762,audio,OK,ABSENT
20:38:43.414,audio,ABSENT,OK
20:38:48.425,audio,OK,ABSENT
20:38:50.741,audio,ABSENT,OK
20:38:59.427,companion,OK,ABSENT
20:38:59.906,audio,OK,ABSENT
20:39:02.111,companion,ABSENT,OK
20:39:02.614,audio,ABSENT,OK
20:39:56.134,companion,OK,ABSENT
20:39:56.548,audio,OK,ABSENT
20:39:58.634,companion,ABSENT,OK
20:39:59.099,audio,ABSENT,OK
20:40:03.334,companion,OK,ABSENT
20:40:03.855,audio,OK,ABSENT
20:40:06.062,companion,ABSENT,OK
20:40:06.464,audio,ABSENT,OK
20:40:08.827,audio,OK,ABSENT
20:40:11.427,audio,ABSENT,OK
20:40:27.506,companion,OK,ABSENT
20:40:27.986,audio,OK,ABSENT
20:40:30.018,companion,ABSENT,OK
20:40:32.993,audio,ABSENT,OK
20:40:39.613,companion,OK,ABSENT
20:40:40.101,audio,OK,ABSENT
20:40:42.209,companion,ABSENT,OK
20:40:42.666,audio,ABSENT,OK
20:40:52.018,companion,OK,ABSENT
20:40:52.511,audio,OK,ABSENT
20:40:54.453,companion,ABSENT,OK
20:40:54.870,audio,ABSENT,OK
20:41:06.644,companion,OK,ABSENT
20:41:07.154,audio,OK,ABSENT
20:41:09.404,companion,ABSENT,OK
20:41:09.870,audio,ABSENT,OK
20:41:11.869,companion,OK,ABSENT
20:41:12.291,audio,OK,ABSENT
20:41:14.271,companion,ABSENT,OK
20:41:16.463,companion,OK,ABSENT
20:41:16.933,audio,ABSENT,OK
20:41:19.032,companion,ABSENT,OK
20:41:23.821,companion,OK,ABSENT
20:41:24.288,audio,OK,ABSENT
20:41:26.452,companion,ABSENT,OK
20:41:26.890,audio,ABSENT,OK
20:41:31.202,companion,OK,ABSENT
20:41:31.695,audio,OK,ABSENT
20:41:33.845,companion,ABSENT,OK
20:41:34.278,audio,ABSENT,OK
20:41:43.120,companion,OK,ABSENT
20:41:43.612,audio,OK,ABSENT
20:41:45.808,companion,ABSENT,OK
20:41:46.276,audio,ABSENT,OK
20:41:55.099,companion,OK,ABSENT
20:41:55.527,audio,OK,ABSENT
20:41:57.708,companion,ABSENT,OK
20:41:58.195,audio,ABSENT,OK
20:42:12.596,audio,OK,ABSENT
20:42:14.524,companion,OK,ABSENT
20:42:16.921,companion,ABSENT,OK
20:42:17.411,audio,ABSENT,OK
20:42:21.771,companion,OK,ABSENT
20:42:22.196,audio,OK,ABSENT
20:42:24.322,companion,ABSENT,OK
20:42:24.795,audio,ABSENT,OK
20:42:31.350,companion,OK,ABSENT
20:42:31.791,audio,OK,ABSENT
20:42:36.201,companion,ABSENT,OK
20:42:36.683,audio,ABSENT,OK
20:43:11.547,companion,OK,ABSENT
20:43:12.049,audio,OK,ABSENT
20:43:14.018,companion,ABSENT,OK
20:43:16.963,audio,ABSENT,OK
20:43:18.906,companion,OK,ABSENT
20:43:19.333,audio,OK,ABSENT
20:43:21.468,companion,ABSENT,OK
20:43:21.944,audio,ABSENT,OK
20:43:26.500,audio,OK,ABSENT
20:43:28.939,audio,ABSENT,OK
20:43:31.369,audio,OK,ABSENT
20:43:35.866,companion,OK,ABSENT
20:43:45.320,companion,ABSENT,OK
20:43:45.801,audio,ABSENT,OK
20:44:35.213,companion,OK,ABSENT
20:44:35.648,audio,OK,ABSENT
20:44:37.507,companion,ABSENT,OK
20:44:37.878,audio,ABSENT,OK
20:44:41.650,companion,OK,ABSENT
20:44:42.077,audio,OK,ABSENT
20:44:43.920,companion,ABSENT,OK
20:44:44.304,audio,ABSENT,OK
20:45:18.186,companion,OK,ABSENT
20:45:18.642,audio,OK,ABSENT
20:45:20.526,companion,ABSENT,OK
20:45:22.738,companion,OK,ABSENT
20:45:29.444,companion,ABSENT,OK
20:45:29.859,audio,ABSENT,OK
20:45:34.393,audio,OK,ABSENT
20:45:35.819,hub-usb2,OK,ABSENT
20:45:36.198,companion,OK,ABSENT
20:45:38.144,hub-usb2,ABSENT,OK
20:45:38.550,companion,ABSENT,OK
20:45:39.040,audio,ABSENT,OK
20:45:43.048,companion,OK,ABSENT
20:45:43.472,audio,OK,ABSENT
20:45:45.437,companion,ABSENT,OK
20:45:45.845,audio,ABSENT,OK
20:45:50.131,audio,OK,PROBLEM:Error
20:45:54.516,audio,PROBLEM:Error,ABSENT
20:45:58.343,companion,OK,ABSENT
20:46:00.101,hub-usb2,OK,ABSENT
20:46:02.373,hub-usb2,ABSENT,OK
20:46:05.070,companion,ABSENT,OK
20:46:07.948,audio,ABSENT,OK
20:46:14.091,companion,OK,ABSENT
20:46:14.537,audio,OK,ABSENT
20:46:16.475,companion,ABSENT,OK
20:46:16.896,audio,ABSENT,OK
20:46:24.690,hub-usb2,OK,ABSENT
20:46:25.095,companion,OK,ABSENT
20:46:25.494,audio,OK,ABSENT
20:46:27.024,hub-usb2,ABSENT,OK
20:46:27.457,companion,ABSENT,OK
20:46:27.904,audio,ABSENT,OK
20:46:43.349,audio,OK,ABSENT
20:46:45.759,audio,ABSENT,OK
20:46:48.028,audio,OK,ABSENT
20:46:50.371,audio,ABSENT,OK
20:46:54.514,companion,OK,ABSENT
20:46:54.959,audio,OK,ABSENT
20:46:56.825,companion,ABSENT,OK
20:46:59.501,audio,ABSENT,OK
20:47:04.249,audio,OK,ABSENT
20:47:09.137,audio,ABSENT,OK
20:47:25.203,companion,OK,ABSENT
20:47:25.666,audio,OK,ABSENT
20:47:27.584,companion,ABSENT,OK
20:47:29.893,companion,OK,ABSENT
20:47:36.767,companion,ABSENT,OK
20:47:37.214,audio,ABSENT,OK
20:47:43.727,companion,OK,ABSENT
20:47:44.197,audio,OK,ABSENT
20:47:50.691,companion,ABSENT,OK
20:47:51.196,audio,ABSENT,OK
20:47:55.147,hub-usb2,OK,ABSENT
20:47:55.582,companion,OK,ABSENT
20:47:56.019,audio,OK,ABSENT
20:47:57.524,hub-usb2,ABSENT,OK
20:48:00.386,companion,ABSENT,OK
20:48:00.816,audio,ABSENT,OK
20:48:10.075,companion,OK,ABSENT
20:48:10.513,audio,OK,ABSENT
20:48:12.651,companion,ABSENT,OK
20:48:13.091,audio,ABSENT,OK
20:48:22.243,companion,OK,ABSENT
20:48:22.645,audio,OK,ABSENT
20:48:24.735,companion,ABSENT,OK
20:48:25.210,audio,ABSENT,OK
20:48:34.402,companion,OK,ABSENT
20:48:34.812,audio,OK,ABSENT
20:48:36.803,companion,ABSENT,OK
20:48:42.070,audio,ABSENT,OK
20:48:57.902,companion,OK,ABSENT
20:48:58.377,audio,OK,ABSENT
20:49:00.456,companion,ABSENT,OK
20:49:00.895,audio,ABSENT,OK
20:49:05.704,audio,OK,ABSENT
20:49:08.395,audio,ABSENT,OK
20:49:12.720,companion,OK,ABSENT
20:49:13.131,audio,OK,ABSENT
20:49:15.316,companion,ABSENT,OK
20:49:15.789,audio,ABSENT,OK
20:49:20.028,companion,OK,ABSENT
20:49:20.496,audio,OK,ABSENT
20:49:22.437,companion,ABSENT,OK
20:49:24.790,companion,OK,ABSENT
20:49:33.981,companion,ABSENT,OK
20:49:34.482,audio,ABSENT,OK
20:49:38.654,companion,OK,ABSENT
20:49:39.094,audio,OK,ABSENT
20:49:43.302,companion,ABSENT,OK
20:49:43.717,audio,ABSENT,PROBLEM:Error
20:49:48.439,audio,PROBLEM:Error,OK
20:49:52.793,companion,OK,ABSENT
20:49:53.259,audio,OK,ABSENT
20:49:55.167,companion,ABSENT,OK
20:49:57.992,audio,ABSENT,OK
20:50:18.727,companion,OK,ABSENT
20:50:19.169,audio,OK,ABSENT
20:50:21.185,companion,ABSENT,OK
20:50:21.581,audio,ABSENT,PROBLEM:Error
20:50:23.467,companion,OK,ABSENT
20:50:23.934,audio,PROBLEM:Error,ABSENT
20:50:26.024,companion,ABSENT,OK
20:50:26.440,audio,ABSENT,OK
20:50:35.451,companion,OK,ABSENT
20:50:35.861,audio,OK,ABSENT
20:50:37.746,companion,ABSENT,OK
20:50:38.145,audio,ABSENT,OK
20:50:47.470,audio,OK,ABSENT
20:50:52.993,companion,OK,ABSENT
20:50:58.707,companion,ABSENT,OK
20:50:59.061,audio,ABSENT,OK
20:51:05.068,audio,OK,ABSENT
20:51:07.208,audio,ABSENT,OK
20:51:10.720,companion,OK,ABSENT
20:51:11.103,audio,OK,ABSENT
20:51:12.839,companion,ABSENT,OK
20:51:13.201,audio,ABSENT,OK
20:51:17.094,audio,OK,ABSENT
20:51:19.045,audio,ABSENT,PROBLEM:Error
20:51:20.597,companion,OK,ABSENT
20:51:20.944,audio,PROBLEM:Error,ABSENT
20:51:22.647,companion,ABSENT,OK
20:51:23.053,audio,ABSENT,OK
20:51:26.566,companion,OK,ABSENT
20:51:26.913,audio,OK,ABSENT
20:51:28.609,companion,ABSENT,OK
20:51:29.008,audio,ABSENT,OK
20:51:32.548,companion,OK,ABSENT
20:51:32.883,audio,OK,ABSENT
20:51:38.423,companion,ABSENT,OK
20:51:38.765,audio,ABSENT,OK
20:51:42.824,audio,OK,ABSENT
20:51:45.155,audio,ABSENT,OK
20:51:49.126,companion,OK,ABSENT
20:51:49.505,audio,OK,ABSENT
20:51:51.397,companion,ABSENT,OK
20:51:51.800,audio,ABSENT,OK
20:52:29.594,audio,OK,ABSENT
20:52:31.216,companion,OK,ABSENT
20:52:37.574,companion,ABSENT,OK
20:52:37.982,audio,ABSENT,OK
20:52:54.604,companion,OK,ABSENT
20:52:55.038,audio,OK,ABSENT
20:52:57.064,companion,ABSENT,OK
20:52:57.495,audio,ABSENT,OK
20:53:02.077,audio,OK,ABSENT
20:53:06.886,audio,ABSENT,OK
20:53:11.070,companion,OK,ABSENT
20:53:11.461,audio,OK,ABSENT
20:53:13.404,companion,ABSENT,OK
20:53:18.909,audio,ABSENT,OK
20:53:22.471,hub-usb2,OK,ABSENT
20:53:22.872,companion,OK,ABSENT
20:53:23.312,audio,OK,ABSENT
20:53:24.943,hub-usb2,ABSENT,OK
20:53:25.377,companion,ABSENT,OK
20:53:25.923,audio,ABSENT,OK
20:53:29.667,companion,OK,ABSENT
20:53:30.053,audio,OK,ABSENT
20:53:31.909,companion,ABSENT,OK
20:53:32.285,audio,ABSENT,OK
20:53:36.375,audio,OK,ABSENT
20:53:38.483,audio,ABSENT,OK
20:53:42.433,audio,OK,ABSENT
20:53:44.567,audio,ABSENT,OK
20:53:53.968,companion,OK,ABSENT
20:53:54.321,audio,OK,ABSENT
20:53:56.021,companion,ABSENT,OK
20:53:57.612,hub-usb2,OK,ABSENT
20:53:57.972,companion,OK,ABSENT
20:53:59.734,hub-usb2,ABSENT,OK
20:54:00.083,companion,ABSENT,OK
20:54:02.117,companion,OK,ABSENT
20:54:04.340,companion,ABSENT,OK
20:54:04.711,audio,ABSENT,OK
20:54:10.464,companion,OK,ABSENT
20:54:10.853,audio,OK,ABSENT
20:54:12.606,companion,ABSENT,OK
20:54:14.725,companion,OK,ABSENT
20:54:24.707,companion,ABSENT,OK
20:54:25.106,audio,ABSENT,OK
20:54:28.360,hub-usb2,OK,ABSENT
20:54:28.703,companion,OK,ABSENT
20:54:29.045,audio,OK,ABSENT
20:54:30.423,hub-usb2,ABSENT,OK
20:54:30.755,companion,ABSENT,OK
20:54:32.713,companion,OK,ABSENT
20:54:36.711,companion,ABSENT,OK
20:54:41.206,audio,ABSENT,OK
20:54:46.172,audio,OK,ABSENT
20:54:48.835,audio,ABSENT,OK
20:54:50.835,companion,OK,ABSENT
20:54:51.263,audio,OK,ABSENT
20:54:53.313,companion,ABSENT,OK
20:54:55.738,companion,OK,ABSENT
20:54:56.295,audio,ABSENT,OK
20:54:58.290,companion,ABSENT,OK
20:55:00.721,companion,OK,ABSENT
20:55:01.144,audio,OK,ABSENT
20:55:02.706,hub-usb2,OK,ABSENT
20:55:05.286,hub-usb2,ABSENT,OK
20:55:05.733,companion,ABSENT,OK
20:55:06.148,audio,ABSENT,OK
20:55:08.133,companion,OK,ABSENT
20:55:08.595,audio,OK,ABSENT
20:55:12.804,companion,ABSENT,OK
20:55:13.274,audio,ABSENT,OK
20:55:19.607,audio,OK,ABSENT
20:55:21.750,audio,ABSENT,OK
20:55:33.969,audio,OK,ABSENT
20:55:40.228,audio,ABSENT,OK
20:55:52.690,audio,OK,ABSENT
20:55:54.782,audio,ABSENT,OK
20:55:56.785,audio,OK,ABSENT
20:56:02.639,companion,OK,ABSENT
20:56:06.853,companion,ABSENT,OK
20:56:07.248,audio,ABSENT,OK
20:56:11.352,audio,OK,ABSENT
20:56:13.060,companion,OK,ABSENT
20:56:19.801,companion,ABSENT,OK
20:56:20.183,audio,ABSENT,OK
20:56:23.980,companion,OK,ABSENT
20:56:24.382,audio,OK,ABSENT
20:56:26.076,companion,ABSENT,OK
20:56:28.062,companion,OK,ABSENT
20:56:38.440,companion,ABSENT,OK
20:56:38.805,audio,ABSENT,OK
20:56:42.413,companion,OK,ABSENT
20:56:42.796,audio,OK,ABSENT
20:56:44.435,companion,ABSENT,OK
20:56:46.374,companion,OK,ABSENT
20:56:50.399,companion,ABSENT,OK
20:56:50.843,audio,ABSENT,OK
20:56:59.067,audio,OK,ABSENT
20:57:01.294,audio,ABSENT,OK
20:57:05.074,companion,OK,ABSENT
20:57:05.464,audio,OK,ABSENT
20:57:07.299,companion,ABSENT,OK
20:57:07.690,audio,ABSENT,OK
20:57:09.448,companion,OK,ABSENT
20:57:09.822,audio,OK,ABSENT
20:57:11.616,companion,ABSENT,OK
20:57:12.028,audio,ABSENT,OK
20:57:18.066,audio,OK,PROBLEM:Error
20:57:21.739,companion,OK,ABSENT
20:57:22.191,audio,PROBLEM:Error,ABSENT
20:57:23.970,companion,ABSENT,OK
20:57:24.360,audio,ABSENT,OK
20:57:34.609,audio,OK,ABSENT
20:57:36.763,audio,ABSENT,OK
20:57:46.663,companion,OK,ABSENT
20:57:47.000,audio,OK,ABSENT
20:57:50.673,companion,ABSENT,OK
20:57:51.051,audio,ABSENT,OK
20:57:54.733,companion,OK,ABSENT
20:57:55.092,audio,OK,ABSENT
20:57:58.738,companion,ABSENT,OK
20:58:01.261,audio,ABSENT,OK
20:58:05.603,companion,OK,ABSENT
20:58:06.052,audio,OK,ABSENT
20:58:08.225,companion,ABSENT,OK
20:58:08.676,audio,ABSENT,OK
20:58:15.626,audio,OK,ABSENT
20:58:17.972,audio,ABSENT,OK
20:58:26.169,audio,OK,ABSENT
20:58:30.276,audio,ABSENT,OK
20:58:36.387,audio,OK,ABSENT
20:58:38.516,audio,ABSENT,OK
20:58:42.688,audio,OK,ABSENT
20:58:44.848,audio,ABSENT,PROBLEM:Error
20:58:48.961,audio,PROBLEM:Error,OK
20:58:54.774,companion,OK,ABSENT
20:58:55.137,audio,OK,ABSENT
20:58:56.956,companion,ABSENT,OK
20:58:57.337,audio,ABSENT,OK
20:59:00.731,hub-usb2,OK,ABSENT
20:59:01.110,companion,OK,ABSENT
20:59:01.483,audio,OK,ABSENT
20:59:02.970,hub-usb2,ABSENT,OK
20:59:03.329,companion,ABSENT,OK
20:59:05.405,companion,OK,ABSENT
20:59:07.654,companion,ABSENT,OK
20:59:08.068,audio,ABSENT,OK
20:59:11.837,companion,OK,ABSENT
20:59:12.238,audio,OK,ABSENT
20:59:13.918,companion,ABSENT,OK
20:59:15.939,companion,OK,ABSENT
20:59:24.297,companion,ABSENT,OK
20:59:24.748,audio,ABSENT,OK
20:59:26.850,audio,OK,ABSENT
20:59:31.019,audio,ABSENT,OK
20:59:36.674,companion,OK,ABSENT
20:59:37.062,audio,OK,ABSENT
20:59:38.721,companion,ABSENT,OK
20:59:40.774,companion,OK,ABSENT
20:59:42.935,companion,ABSENT,OK
20:59:43.293,audio,ABSENT,OK
20:59:52.958,companion,OK,ABSENT
20:59:53.342,audio,OK,ABSENT
21:00:01.009,companion,ABSENT,OK
21:00:01.430,audio,ABSENT,OK
21:00:05.336,companion,OK,ABSENT
21:00:05.702,audio,OK,ABSENT
21:00:07.542,companion,ABSENT,OK
21:00:07.943,audio,ABSENT,OK
21:00:15.375,companion,OK,ABSENT
21:00:15.740,audio,OK,ABSENT
21:00:17.357,companion,ABSENT,OK
21:00:19.303,companion,OK,ABSENT
21:00:19.673,audio,ABSENT,OK
21:00:21.339,companion,ABSENT,OK
21:00:25.075,companion,OK,ABSENT
21:00:25.410,audio,OK,ABSENT
21:00:27.101,companion,ABSENT,OK
21:00:27.439,audio,ABSENT,OK
21:00:48.420,companion,OK,ABSENT
21:00:48.779,audio,OK,ABSENT
21:00:52.256,companion,ABSENT,OK
21:00:54.706,audio,ABSENT,OK
21:01:00.313,audio,OK,ABSENT
21:01:02.409,audio,ABSENT,OK
21:01:06.345,companion,OK,ABSENT
21:01:06.717,audio,OK,ABSENT
21:01:08.358,companion,ABSENT,OK
21:01:08.661,audio,ABSENT,OK
21:01:20.654,companion,OK,ABSENT
21:01:20.993,audio,OK,ABSENT
21:01:22.603,companion,ABSENT,OK
21:01:22.941,audio,ABSENT,OK
21:01:39.272,companion,OK,ABSENT
21:01:39.834,audio,OK,ABSENT
21:01:42.056,companion,ABSENT,OK
21:01:45.082,audio,ABSENT,OK
21:01:48.797,companion,OK,ABSENT
21:01:49.136,audio,OK,ABSENT
21:01:50.820,companion,ABSENT,OK
21:01:51.150,audio,ABSENT,OK
21:02:00.760,audio,OK,ABSENT
21:02:02.873,audio,ABSENT,OK
21:02:06.817,audio,OK,ABSENT
21:02:10.416,companion,OK,ABSENT
21:02:10.784,audio,ABSENT,OK
21:02:12.470,companion,ABSENT,OK
21:02:16.244,companion,OK,ABSENT
21:02:16.619,audio,OK,ABSENT
21:02:18.231,companion,ABSENT,OK
21:02:20.140,companion,OK,ABSENT
21:02:20.516,audio,ABSENT,OK
21:02:22.199,companion,ABSENT,OK
21:02:26.036,companion,OK,ABSENT
21:02:26.383,audio,OK,ABSENT
21:02:28.058,companion,ABSENT,OK
21:02:28.434,audio,ABSENT,OK
21:02:34.126,audio,OK,ABSENT
21:02:36.135,audio,ABSENT,OK
21:02:40.417,audio,OK,ABSENT
21:02:42.544,audio,ABSENT,OK
21:03:08.715,hub-usb2,OK,ABSENT
21:03:09.061,companion,OK,ABSENT
21:03:09.394,audio,OK,ABSENT
21:03:10.758,hub-usb2,ABSENT,OK
21:03:11.087,companion,ABSENT,OK
21:03:12.989,companion,OK,ABSENT
21:03:15.013,companion,ABSENT,OK
21:03:15.358,audio,ABSENT,OK
21:03:19.240,audio,OK,ABSENT
21:03:21.252,audio,ABSENT,OK
21:03:30.860,companion,OK,ABSENT
21:03:31.228,audio,OK,ABSENT
21:03:32.891,companion,ABSENT,OK
21:03:33.280,audio,ABSENT,OK
21:03:44.638,companion,OK,ABSENT
21:03:44.964,audio,OK,ABSENT
21:03:52.589,companion,ABSENT,OK
21:03:54.522,companion,OK,ABSENT
21:03:56.596,companion,ABSENT,OK
21:03:56.969,audio,ABSENT,OK
21:04:18.111,audio,OK,ABSENT
21:04:20.196,audio,ABSENT,OK
21:04:30.186,audio,OK,ABSENT
21:04:32.294,audio,ABSENT,OK
21:04:36.273,audio,OK,ABSENT
21:04:38.398,audio,ABSENT,OK
21:04:42.420,audio,OK,ABSENT
21:04:45.980,companion,OK,ABSENT
21:04:55.663,companion,ABSENT,OK
21:04:56.047,audio,ABSENT,OK
21:04:59.592,companion,OK,ABSENT
21:04:59.926,audio,OK,ABSENT
21:05:01.704,companion,ABSENT,OK
21:05:02.087,audio,ABSENT,OK
21:05:05.760,companion,OK,ABSENT
21:05:06.091,audio,OK,ABSENT
21:05:11.748,companion,ABSENT,OK
21:05:12.130,audio,ABSENT,OK
21:05:21.646,audio,OK,ABSENT
21:05:23.664,audio,ABSENT,OK
21:05:27.612,audio,OK,ABSENT
21:05:29.629,audio,ABSENT,OK
21:05:35.601,audio,OK,ABSENT
21:05:37.709,audio,ABSENT,OK
21:05:41.270,companion,OK,ABSENT
21:05:41.646,audio,OK,ABSENT
21:05:43.420,companion,ABSENT,OK
21:05:43.819,audio,ABSENT,OK
21:05:51.233,companion,OK,ABSENT
21:05:51.634,audio,OK,ABSENT
21:05:53.393,companion,ABSENT,OK
21:05:53.746,audio,ABSENT,OK
21:05:57.705,audio,OK,ABSENT
21:05:59.749,audio,ABSENT,OK
21:06:01.376,companion,OK,ABSENT
21:06:01.729,audio,OK,ABSENT
21:06:03.522,companion,ABSENT,OK
21:06:03.895,audio,ABSENT,OK
21:06:09.560,companion,OK,ABSENT
21:06:09.942,audio,OK,ABSENT
21:06:11.656,companion,ABSENT,OK
21:06:12.014,audio,ABSENT,OK
21:06:34.909,audio,OK,ABSENT
21:06:36.980,audio,ABSENT,OK
21:06:46.232,companion,OK,ABSENT
21:06:46.588,audio,OK,ABSENT
21:06:48.280,companion,ABSENT,OK
21:06:48.656,audio,ABSENT,OK
21:06:52.219,companion,OK,ABSENT
21:06:52.567,audio,OK,ABSENT
21:06:54.226,companion,ABSENT,OK
21:06:56.146,companion,OK,ABSENT
21:06:58.203,companion,ABSENT,OK
21:06:58.596,audio,ABSENT,OK
21:07:10.436,audio,OK,ABSENT
21:07:12.670,audio,ABSENT,OK
21:07:18.796,audio,OK,ABSENT
21:07:20.949,audio,ABSENT,OK
21:07:24.899,audio,OK,ABSENT
21:07:26.931,audio,ABSENT,OK
21:07:36.876,audio,OK,ABSENT
21:07:42.892,audio,ABSENT,OK
21:07:54.009,companion,OK,ABSENT
21:07:54.365,audio,OK,ABSENT
21:07:56.088,companion,ABSENT,OK
21:07:56.479,audio,ABSENT,OK
21:08:01.988,companion,OK,ABSENT
21:08:02.372,audio,OK,ABSENT
21:08:04.173,companion,ABSENT,OK
21:08:04.562,audio,ABSENT,OK
21:08:08.261,companion,OK,ABSENT
21:08:08.657,audio,OK,ABSENT
21:08:10.355,companion,ABSENT,OK
21:08:10.727,audio,ABSENT,OK
21:08:14.307,companion,OK,ABSENT
21:08:14.667,audio,OK,ABSENT
21:08:16.388,companion,ABSENT,OK
21:08:16.783,audio,ABSENT,OK
21:08:22.311,companion,OK,ABSENT
21:08:22.666,audio,OK,ABSENT
21:08:24.365,companion,ABSENT,OK
21:08:24.751,audio,ABSENT,OK
21:08:32.166,companion,OK,ABSENT
21:08:32.500,audio,OK,ABSENT
21:08:36.076,companion,ABSENT,OK
21:08:36.462,audio,ABSENT,OK
21:08:46.122,audio,OK,ABSENT
21:08:48.212,audio,ABSENT,OK
21:08:52.141,audio,OK,ABSENT
21:08:55.679,companion,OK,ABSENT
21:09:01.849,audio,ABSENT,OK
21:09:03.645,companion,ABSENT,OK
21:09:11.467,companion,OK,ABSENT
21:09:11.815,audio,OK,ABSENT
21:09:13.493,companion,ABSENT,OK
21:09:15.423,companion,OK,ABSENT
21:09:19.342,companion,ABSENT,OK
21:09:19.713,audio,ABSENT,OK
21:09:30.841,companion,OK,ABSENT
21:09:31.197,audio,OK,ABSENT
21:09:32.927,companion,ABSENT,OK
21:09:33.321,audio,ABSENT,OK
21:09:40.986,audio,OK,ABSENT
21:09:42.620,companion,OK,ABSENT
21:09:46.572,companion,ABSENT,OK
21:09:46.955,audio,ABSENT,OK
21:09:50.513,companion,OK,ABSENT
21:09:50.873,audio,OK,ABSENT
21:09:52.536,companion,ABSENT,OK
21:09:54.465,companion,OK,ABSENT
21:10:00.361,companion,ABSENT,OK
21:10:00.728,audio,ABSENT,OK
21:10:04.519,companion,OK,ABSENT
21:10:04.875,audio,OK,ABSENT
21:10:06.707,companion,ABSENT,OK
21:10:07.106,audio,ABSENT,OK
21:10:18.498,companion,OK,ABSENT
21:10:18.854,audio,OK,ABSENT
21:10:20.608,companion,ABSENT,OK
21:10:20.977,audio,ABSENT,OK
21:10:30.723,audio,OK,ABSENT
21:10:32.763,audio,ABSENT,OK
21:10:42.165,companion,OK,ABSENT
21:10:42.563,audio,OK,ABSENT
21:10:44.523,companion,ABSENT,OK
21:10:47.681,audio,ABSENT,OK
21:10:51.903,audio,OK,ABSENT
21:10:53.907,audio,ABSENT,OK
21:11:12.290,audio,OK,ABSENT
21:11:14.351,audio,ABSENT,OK
21:11:18.340,audio,OK,ABSENT
21:11:20.500,audio,ABSENT,OK
21:12:09.717,audio,OK,ABSENT
21:12:11.936,audio,ABSENT,OK
21:12:15.860,companion,OK,ABSENT
21:12:16.272,audio,OK,ABSENT
21:12:18.120,companion,ABSENT,OK
21:12:18.511,audio,ABSENT,OK
21:12:22.327,companion,OK,ABSENT
21:12:22.721,audio,OK,ABSENT
21:12:24.464,companion,ABSENT,OK
21:12:26.586,companion,OK,ABSENT
21:12:32.854,companion,ABSENT,OK
21:12:33.307,audio,ABSENT,OK
21:12:37.677,audio,OK,ABSENT
21:12:43.854,audio,ABSENT,OK
21:12:51.517,audio,OK,ABSENT
21:12:53.587,audio,ABSENT,OK
21:12:57.196,companion,OK,ABSENT
21:12:57.587,audio,OK,ABSENT
21:12:59.225,companion,ABSENT,OK
21:13:01.277,companion,OK,ABSENT
21:13:03.504,companion,ABSENT,OK
21:13:03.881,audio,ABSENT,OK
21:13:10.043,audio,OK,ABSENT
21:13:12.119,audio,ABSENT,PROBLEM:Error
21:13:13.812,companion,OK,ABSENT
21:13:14.215,audio,PROBLEM:Error,ABSENT
21:13:15.991,companion,ABSENT,OK
21:13:16.354,audio,ABSENT,OK
21:13:25.749,companion,OK,ABSENT
21:13:26.129,audio,OK,ABSENT
21:13:27.864,companion,ABSENT,OK
21:13:28.271,audio,ABSENT,OK
21:13:31.995,companion,OK,ABSENT
21:13:32.393,audio,OK,ABSENT
21:13:34.118,companion,ABSENT,OK
21:13:36.202,companion,OK,ABSENT
21:13:36.601,audio,ABSENT,OK
21:13:38.372,companion,ABSENT,OK
21:13:44.372,companion,OK,ABSENT
21:13:44.769,audio,OK,ABSENT
21:13:46.653,companion,ABSENT,OK
21:13:47.039,audio,ABSENT,OK
21:13:56.695,companion,OK,ABSENT
21:13:57.081,audio,OK,ABSENT
21:13:58.760,companion,ABSENT,OK
21:14:00.736,companion,OK,ABSENT
21:14:06.879,companion,ABSENT,OK
21:14:07.274,audio,ABSENT,OK
21:14:13.419,audio,OK,ABSENT
21:14:15.548,audio,ABSENT,OK
21:14:19.589,audio,OK,ABSENT
21:14:23.285,companion,OK,ABSENT
21:14:23.680,audio,ABSENT,OK
21:14:25.407,companion,ABSENT,OK
21:14:29.366,companion,OK,ABSENT
21:14:29.753,audio,OK,ABSENT
21:14:31.521,companion,ABSENT,OK
21:14:31.881,audio,ABSENT,OK
21:14:35.496,companion,OK,ABSENT
21:14:35.908,audio,OK,ABSENT
21:14:37.718,companion,ABSENT,OK
21:14:38.087,audio,ABSENT,OK
21:14:42.278,audio,OK,ABSENT
21:14:44.378,audio,ABSENT,OK
21:14:48.001,companion,OK,ABSENT
21:14:48.378,audio,OK,ABSENT
21:14:50.168,companion,ABSENT,OK
21:14:50.525,audio,ABSENT,OK
21:14:54.182,companion,OK,ABSENT
21:14:54.569,audio,OK,ABSENT
21:14:56.355,companion,ABSENT,OK
21:14:56.725,audio,ABSENT,OK
21:15:04.786,audio,OK,ABSENT
21:15:06.873,audio,ABSENT,OK
21:15:16.393,companion,OK,ABSENT
21:15:16.761,audio,OK,ABSENT
21:15:20.455,companion,ABSENT,OK
21:15:20.851,audio,ABSENT,OK
21:15:24.444,companion,OK,ABSENT
21:15:24.819,audio,OK,ABSENT
21:15:26.483,companion,ABSENT,OK
21:15:28.474,companion,OK,ABSENT
21:15:30.599,companion,ABSENT,OK
21:15:30.969,audio,ABSENT,OK
21:15:36.490,companion,OK,ABSENT
21:15:36.854,audio,OK,ABSENT
21:15:38.595,companion,ABSENT,OK
21:15:38.994,audio,ABSENT,OK
21:15:50.786,audio,OK,ABSENT
21:15:54.887,audio,ABSENT,OK
21:16:12.661,companion,OK,ABSENT
21:16:13.020,audio,OK,ABSENT
21:16:14.807,companion,ABSENT,OK
21:16:15.207,audio,ABSENT,OK
21:16:18.904,companion,OK,ABSENT
21:16:19.261,audio,OK,ABSENT
21:16:21.019,companion,ABSENT,OK
21:16:21.376,audio,ABSENT,OK
21:16:25.395,audio,OK,ABSENT
21:16:27.056,companion,OK,ABSENT
21:16:31.205,companion,ABSENT,OK
21:16:31.567,audio,ABSENT,OK
21:16:47.710,audio,OK,ABSENT
21:16:51.375,companion,OK,ABSENT
21:16:59.545,companion,ABSENT,OK
21:16:59.943,audio,ABSENT,OK
21:17:14.354,companion,OK,ABSENT
21:17:14.750,audio,OK,ABSENT
21:17:16.487,companion,ABSENT,OK
21:17:16.821,audio,ABSENT,OK
21:17:18.818,audio,OK,ABSENT
21:17:20.928,audio,ABSENT,OK
21:17:24.993,audio,OK,ABSENT
21:17:27.110,audio,ABSENT,OK
21:17:31.139,audio,OK,ABSENT
21:17:37.282,audio,ABSENT,OK
21:17:40.618,hub-usb2,OK,ABSENT
21:17:40.976,companion,OK,ABSENT
21:17:41.328,audio,OK,ABSENT
21:17:42.757,hub-usb2,ABSENT,OK
21:17:43.108,companion,ABSENT,OK
21:17:43.499,audio,ABSENT,PROBLEM:Error
21:17:45.516,audio,PROBLEM:Error,ABSENT
21:17:51.662,audio,ABSENT,OK
21:17:59.284,companion,OK,ABSENT
21:17:59.613,audio,OK,ABSENT
21:18:01.424,companion,ABSENT,OK
21:18:01.805,audio,ABSENT,PROBLEM:Error
21:18:03.965,audio,PROBLEM:Error,ABSENT
21:18:06.083,audio,ABSENT,OK
21:18:11.921,companion,OK,ABSENT
21:18:12.273,audio,OK,ABSENT
21:18:14.023,companion,ABSENT,OK
21:18:17.948,companion,OK,ABSENT
21:18:23.903,companion,ABSENT,OK
21:18:24.296,audio,ABSENT,OK
21:19:10.925,audio,OK,ABSENT
21:19:14.601,companion,OK,ABSENT
21:19:20.648,companion,ABSENT,OK
21:19:21.057,audio,ABSENT,OK
21:19:31.129,audio,OK,ABSENT
21:19:33.299,audio,ABSENT,OK
21:19:37.161,audio,OK,ABSENT
21:19:39.079,audio,ABSENT,OK
21:19:42.388,companion,OK,ABSENT
21:19:42.723,audio,OK,ABSENT
21:19:44.343,companion,ABSENT,OK
21:19:44.716,audio,ABSENT,OK
21:19:48.078,companion,OK,ABSENT
21:19:48.397,audio,OK,ABSENT
21:19:49.972,companion,ABSENT,OK
21:19:50.293,audio,ABSENT,OK
21:20:05.134,companion,OK,ABSENT
21:20:05.478,audio,OK,ABSENT
21:20:07.142,companion,ABSENT,OK
21:20:07.533,audio,ABSENT,OK
21:20:23.514,companion,OK,ABSENT
21:20:23.943,audio,OK,ABSENT
21:20:26.056,companion,ABSENT,OK
21:20:29.103,audio,ABSENT,OK
21:20:36.173,companion,OK,ABSENT
21:20:36.667,audio,OK,ABSENT
21:20:38.174,hub-usb2,OK,ABSENT
21:20:40.535,hub-usb2,ABSENT,OK
21:20:46.516,companion,ABSENT,OK
21:20:47.054,audio,ABSENT,OK
21:20:54.024,audio,OK,ABSENT
21:20:56.873,audio,ABSENT,OK
21:21:01.742,audio,OK,ABSENT
21:21:04.594,audio,ABSENT,OK
21:21:06.822,companion,OK,ABSENT
21:21:07.378,audio,OK,ABSENT
21:21:09.732,companion,ABSENT,OK
21:21:10.260,audio,ABSENT,OK
21:21:12.552,companion,OK,ABSENT
21:21:13.045,audio,OK,ABSENT
21:21:15.375,companion,ABSENT,OK
21:21:15.883,audio,ABSENT,OK
21:21:18.402,audio,OK,ABSENT
21:21:21.195,audio,ABSENT,OK
21:21:49.774,companion,OK,ABSENT
21:21:50.232,audio,OK,ABSENT
21:21:54.725,companion,ABSENT,OK
21:21:59.543,companion,OK,ABSENT
21:22:04.434,companion,ABSENT,OK
21:22:05.012,audio,ABSENT,PROBLEM:Error
21:22:06.990,companion,OK,ABSENT
21:22:07.404,audio,PROBLEM:Error,ABSENT
21:22:09.832,companion,ABSENT,OK
21:22:10.399,audio,ABSENT,OK
21:22:27.644,companion,OK,ABSENT
21:22:28.043,audio,OK,ABSENT
21:22:30.163,companion,ABSENT,OK
21:22:33.192,audio,ABSENT,OK
21:22:35.892,audio,OK,ABSENT
21:22:40.619,audio,ABSENT,OK
21:22:44.321,companion,OK,ABSENT
21:22:44.731,audio,OK,ABSENT
21:22:46.359,companion,ABSENT,OK
21:22:50.482,audio,ABSENT,OK
21:22:57.848,audio,OK,ABSENT
21:23:01.682,companion,OK,ABSENT
21:23:07.943,companion,ABSENT,OK
21:23:08.338,audio,ABSENT,OK
21:23:13.817,companion,OK,ABSENT
21:23:14.246,audio,OK,ABSENT
21:23:16.032,companion,ABSENT,OK
21:23:16.373,audio,ABSENT,OK
21:23:19.955,companion,OK,ABSENT
21:23:20.322,audio,OK,ABSENT
21:23:21.928,companion,ABSENT,OK
21:23:26.290,audio,ABSENT,OK
21:23:33.892,audio,OK,ABSENT
21:23:35.944,audio,ABSENT,OK
21:23:41.291,companion,OK,ABSENT
21:23:41.660,audio,OK,ABSENT
21:23:43.401,companion,ABSENT,OK
21:23:43.775,audio,ABSENT,OK
21:23:47.303,companion,OK,ABSENT
21:23:47.692,audio,OK,ABSENT
21:23:49.472,companion,ABSENT,OK
21:23:49.822,audio,ABSENT,OK
21:24:01.147,companion,OK,ABSENT
21:24:01.514,audio,OK,ABSENT
21:24:07.418,companion,ABSENT,OK
21:24:12.005,audio,ABSENT,OK
21:24:26.521,companion,OK,ABSENT
21:24:26.926,audio,OK,ABSENT
21:24:30.810,companion,ABSENT,OK
21:24:34.932,companion,OK,ABSENT
21:24:41.434,companion,ABSENT,OK
21:24:41.830,audio,ABSENT,OK
21:24:50.692,hub-usb2,OK,ABSENT
21:24:51.022,companion,OK,ABSENT
21:24:51.352,audio,OK,ABSENT
21:24:52.686,hub-usb2,ABSENT,OK
21:24:53.032,companion,ABSENT,OK
21:24:53.379,audio,ABSENT,OK
21:25:01.231,audio,OK,ABSENT
21:25:07.691,audio,ABSENT,OK
21:25:09.795,audio,OK,ABSENT
21:25:15.705,companion,OK,ABSENT
21:25:21.725,companion,ABSENT,OK
21:25:22.055,audio,ABSENT,OK
21:25:27.696,audio,OK,ABSENT
21:25:29.737,audio,ABSENT,OK
21:25:46.195,audio,OK,ABSENT
21:25:48.246,audio,ABSENT,OK
21:25:51.789,companion,OK,ABSENT
21:25:52.140,audio,OK,ABSENT
21:25:53.885,companion,ABSENT,OK
21:25:54.232,audio,ABSENT,OK
21:25:57.758,companion,OK,ABSENT
21:25:58.143,audio,OK,ABSENT
21:25:59.891,companion,ABSENT,OK
21:26:00.241,audio,ABSENT,OK
21:26:15.208,companion,OK,ABSENT
21:26:15.538,audio,OK,ABSENT
21:26:17.223,companion,ABSENT,OK
21:26:20.983,companion,OK,ABSENT
21:26:28.461,companion,ABSENT,PROBLEM:Error
21:26:30.337,companion,PROBLEM:Error,ABSENT
21:26:30.771,audio,ABSENT,OK
21:26:32.517,companion,ABSENT,OK
21:26:36.287,companion,OK,ABSENT
21:26:36.646,audio,OK,ABSENT
21:26:38.334,companion,ABSENT,OK
21:26:38.699,audio,ABSENT,OK
21:27:08.362,audio,OK,ABSENT
21:27:12.174,companion,OK,ABSENT
21:27:17.914,companion,ABSENT,OK
21:27:18.270,audio,ABSENT,OK
21:27:28.972,hub-usb2,OK,ABSENT
21:27:29.318,companion,OK,ABSENT
21:27:29.645,audio,OK,ABSENT
21:27:31.005,hub-usb2,ABSENT,OK
21:27:31.333,companion,ABSENT,OK
21:27:33.260,companion,OK,ABSENT
21:27:35.290,companion,ABSENT,OK
21:27:35.661,audio,ABSENT,OK
21:27:47.089,audio,OK,ABSENT
21:27:49.180,audio,ABSENT,OK
21:27:53.030,audio,OK,ABSENT
21:27:55.095,audio,ABSENT,OK
21:27:58.612,companion,OK,ABSENT
21:27:58.987,audio,OK,ABSENT
21:28:00.715,companion,ABSENT,OK
21:28:01.060,audio,ABSENT,OK
21:28:05.117,audio,OK,ABSENT
21:28:07.287,audio,ABSENT,OK
21:28:11.305,audio,OK,ABSENT
21:28:13.382,audio,ABSENT,OK
21:28:16.947,companion,OK,ABSENT
21:28:17.306,audio,OK,ABSENT
21:28:19.027,companion,ABSENT,OK
21:28:19.368,audio,ABSENT,OK
21:28:22.901,companion,OK,ABSENT
21:28:23.276,audio,OK,ABSENT
21:28:24.892,companion,ABSENT,OK
21:28:26.790,companion,OK,ABSENT
21:28:28.801,companion,ABSENT,OK
21:28:29.133,audio,ABSENT,PROBLEM:Error
21:28:30.399,hub-usb2,OK,ABSENT
21:28:30.734,companion,OK,ABSENT
21:28:31.072,audio,PROBLEM:Error,ABSENT
21:28:32.435,hub-usb2,ABSENT,OK
21:28:32.789,companion,ABSENT,OK
21:28:33.155,audio,ABSENT,OK
21:28:36.736,companion,OK,ABSENT
21:28:37.063,audio,OK,ABSENT
21:28:38.752,companion,ABSENT,OK
21:28:40.666,companion,OK,ABSENT
21:28:42.787,companion,ABSENT,OK
21:28:43.127,audio,ABSENT,OK
21:28:50.316,hub-usb2,OK,ABSENT
21:28:50.643,companion,OK,ABSENT
21:28:50.956,audio,OK,ABSENT
21:28:52.351,hub-usb2,ABSENT,OK
21:28:52.742,companion,ABSENT,OK
21:28:53.088,audio,ABSENT,OK
21:28:56.489,companion,OK,ABSENT
21:28:56.908,audio,OK,ABSENT
21:28:58.727,companion,ABSENT,OK
21:28:59.077,audio,ABSENT,OK
21:29:07.497,audio,OK,ABSENT
21:29:09.571,audio,ABSENT,OK
21:29:30.762,audio,OK,ABSENT
21:29:33.757,audio,ABSENT,OK
